feature,split,class_id,mean_feature_value
reveal,train,0,0.5647363
reveal,train,1,0.72426033
reveal,train,2,0.02109118
reveal,train,3,0.2625388
reveal,train,4,-0.14619407
reveal,train,5,0.265861
reveal,train,6,0.76931226
reveal,train,7,0.18860318
reveal,train,8,1.0739353
reveal,train,9,0.002238847
reveal,train,10,1.1816891
reveal,val,0,0.4389367
reveal,val,1,0.76717335
reveal,val,2,0.06505973
reveal,val,3,0.24109049
reveal,val,4,-0.3824148
reveal,val,5,0.16806737
reveal,val,6,0.31606525
reveal,val,7,0.5555537
reveal,val,8,0.5898632
reveal,val,9,1.0666028
reveal,val,10,1.1816889
reveal,test,0,0.61415046
reveal,test,1,0.73496574
reveal,test,2,0.30928862
reveal,test,3,0.57786804
reveal,test,4,-0.5172136
reveal,test,5,0.25177908
reveal,test,6,0.65811485
reveal,test,7,0.36264315
reveal,test,8,-1.0223976
reveal,test,9,0.5564393
reveal,test,10,1.1816891
last_seen,train,0,0.7583188
last_seen,train,1,0.6755615
last_seen,train,2,0.1896327
last_seen,train,3,0.60586613
last_seen,train,4,0.016570266
last_seen,train,5,0.27749968
last_seen,train,6,1.1332469
last_seen,train,7,0.3937297
last_seen,train,8,1.791596
last_seen,train,9,0.29368645
last_seen,train,10,1.9398692
last_seen,val,0,0.618459
last_seen,val,1,0.76789296
last_seen,val,2,0.22823837
last_seen,val,3,0.6106103
last_seen,val,4,-0.22462296
last_seen,val,5,0.1213948
last_seen,val,6,0.60750663
last_seen,val,7,0.8634374
last_seen,val,8,1.1609739
last_seen,val,9,1.7320292
last_seen,val,10,1.9398688
last_seen,test,0,0.8428385
last_seen,test,1,0.6755845
last_seen,test,2,0.55079937
last_seen,test,3,1.0830382
last_seen,test,4,-0.39507487
last_seen,test,5,0.2658813
last_seen,test,6,1.0495775
last_seen,test,7,0.66093045
last_seen,test,8,-0.897261
last_seen,test,9,0.99100626
last_seen,test,10,1.939869
total,train,0,0.14354928
total,train,1,-0.2886479
total,train,2,0.20010376
total,train,3,0.014464736
total,train,4,-0.07918698
total,train,5,-0.055129856
total,train,6,-0.36767456
total,train,7,-0.06964494
total,train,8,0.30843472
total,train,9,0.07617587
total,train,10,-0.44828397
total,val,0,0.11522289
total,val,1,-0.13152602
total,val,2,0.13786711
total,val,3,-0.18948315
total,val,4,-0.072127946
total,val,5,-0.16672212
total,val,6,-0.33810583
total,val,7,-0.2169988
total,val,8,-0.14886867
total,val,9,-0.37267375
total,val,10,-0.5126939
total,test,0,0.1316378
total,test,1,-0.2010029
total,test,2,0.18727733
total,test,3,0.120340094
total,test,4,-0.10000033
total,test,5,-0.18279228
total,test,6,-0.4262642
total,test,7,-0.32541457
total,test,8,-0.024278855
total,test,9,-0.3396661
total,test,10,-0.37116346
min,train,0,-0.020693969
min,train,1,-0.09257768
min,train,2,-0.3165783
min,train,3,0.15254682
min,train,4,0.12906455
min,train,5,-0.19844235
min,train,6,0.44838396
min,train,7,-0.55684716
min,train,8,-0.27919143
min,train,9,0.15179078
min,train,10,-1.0479809
min,val,0,-0.16536789
min,val,1,-0.11901478
min,val,2,-0.34168077
min,val,3,0.15678734
min,val,4,0.13495208
min,val,5,-0.18286169
min,val,6,0.29959512
min,val,7,-0.4774163
min,val,8,0.75723064
min,val,9,0.1460955
min,val,10,-1.0278283
min,test,0,-0.06613338
min,test,1,-0.10166413
min,test,2,-0.3269473
min,test,3,0.09915385
min,test,4,0.217142
min,test,5,-0.2482377
min,test,6,0.58888537
min,test,7,-0.5792628
min,test,8,-0.07340559
min,test,9,-0.027758474
min,test,10,-0.5711852
max,train,0,0.054759767
max,train,1,-0.23090689
max,train,2,-0.22938918
max,train,3,0.20512033
max,train,4,0.09380498
max,train,5,-0.23007794
max,train,6,0.29311794
max,train,7,-0.6276941
max,train,8,-0.16096243
max,train,9,0.23073237
max,train,10,-1.112854
max,val,0,-0.11192254
max,val,1,-0.21298599
max,val,2,-0.26061082
max,val,3,0.09957759
max,val,4,0.088011436
max,val,5,-0.26807636
max,val,6,0.18104906
max,val,7,-0.55875117
max,val,8,0.6713624
max,val,9,-0.0148834195
max,val,10,-1.1296226
max,test,0,-0.005945094
max,test,1,-0.21077667
max,test,2,-0.24160169
max,test,3,0.19961013
max,test,4,0.1499336
max,test,5,-0.32758912
max,test,6,0.40722528
max,test,7,-0.7198463
max,test,8,-0.033602897
max,test,9,-0.12029725
max,test,10,-0.641731
avg,train,0,0.06497445
avg,train,1,-0.26734036
avg,train,2,-0.2001629
avg,train,3,0.19467339
avg,train,4,0.07876015
avg,train,5,-0.22879367
avg,train,6,0.23578885
avg,train,7,-0.6161627
avg,train,8,-0.122413754
avg,train,9,0.22803229
avg,train,10,-1.1229674
avg,val,0,-0.100852005
avg,val,1,-0.22386605
avg,val,2,-0.242805
avg,val,3,0.070640825
avg,val,4,0.07677089
avg,val,5,-0.2806033
avg,val,6,0.1238589
avg,val,7,-0.5835604
avg,val,8,0.6449272
avg,val,9,-0.07168197
avg,val,10,-1.1353384
avg,test,0,0.0046864767
avg,test,1,-0.2345893
avg,test,2,-0.21831846
avg,test,3,0.20194212
avg,test,4,0.13449155
avg,test,5,-0.3466591
avg,test,6,0.33559635
avg,test,7,-0.75661975
avg,test,8,-0.04749209
avg,test,9,-0.17811261
avg,test,10,-0.642877
duration,train,0,0.2551326
duration,train,1,-0.30187735
duration,train,2,0.13952306
duration,train,3,0.117413454
duration,train,4,0.16880743
duration,train,5,-0.13682489
duration,train,6,-0.236601
duration,train,7,0.06468781
duration,train,8,0.62616426
duration,train,9,0.10576206
duration,train,10,-0.2534072
duration,val,0,0.24198079
duration,val,1,-0.28572035
duration,val,2,0.2405423
duration,val,3,-0.081347965
duration,val,4,0.13884372
duration,val,5,-0.26202312
duration,val,6,-0.15632248
duration,val,7,-0.16283442
duration,val,8,-0.12974924
duration,val,9,-0.06290649
duration,val,10,-0.31276032
duration,test,0,0.26988465
duration,test,1,-0.29959065
duration,test,2,0.30593222
duration,test,3,0.18176727
duration,test,4,0.049598668
duration,test,5,-0.20791766
duration,test,6,-0.29031792
duration,test,7,-0.278941
duration,test,8,-0.007560412
duration,test,9,-0.24488446
duration,test,10,-0.1693711
frequency,train,0,-1.2266703
frequency,train,1,-0.6660141
frequency,train,2,-0.5767585
frequency,train,3,-1.5405279
frequency,train,4,-0.36566794
frequency,train,5,-0.32220593
frequency,train,6,-1.6131958
frequency,train,7,-0.63389033
frequency,train,8,-4.3034716
frequency,train,9,-0.93533194
frequency,train,10,-5.1768045
frequency,val,0,-0.90201694
frequency,val,1,-0.75766486
frequency,val,2,-0.5369864
frequency,val,3,-1.6165007
frequency,val,4,0.05684083
frequency,val,5,-0.12595429
frequency,val,6,-0.9760122
frequency,val,7,-1.0936131
frequency,val,8,-3.0834177
frequency,val,9,-3.6524541
frequency,val,10,-5.2801986
frequency,test,0,-1.3380946
frequency,test,1,-0.6659756
frequency,test,2,-1.1094602
frequency,test,3,-2.3541036
frequency,test,4,0.25783885
frequency,test,5,-0.2891447
frequency,test,6,-1.5700711
frequency,test,7,-0.95686996
frequency,test,8,0.5708238
frequency,test,9,-2.6574633
frequency,test,10,-4.952134
recency,train,0,0.029425757
recency,train,1,-0.19720452
recency,train,2,-0.26307246
recency,train,3,0.19617882
recency,train,4,0.10730142
recency,train,5,-0.22573702
recency,train,6,0.3498969
recency,train,7,-0.6194974
recency,train,8,-0.21540266
recency,train,9,0.21633482
recency,train,10,-1.1038767
recency,val,0,-0.13519731
recency,val,1,-0.19568215
recency,val,2,-0.29131857
recency,val,3,0.119690016
recency,val,4,0.10236743
recency,val,5,-0.24849878
recency,val,6,0.22503704
recency,val,7,-0.5484043
recency,val,8,0.7128398
recency,val,9,0.03158908
recency,val,10,-1.1216079
recency,test,0,-0.02861215
recency,test,1,-0.1868744
recency,test,2,-0.27932233
recency,test,3,0.17974418
recency,test,4,0.17077784
recency,test,5,-0.3113557
recency,test,6,0.46995804
recency,test,7,-0.6949007
recency,test,8,-0.04199433
recency,test,9,-0.08940814
recency,test,10,-0.6323579
feat9,train,0,0.12272068
feat9,train,1,-0.35664132
feat9,train,2,0.084626235
feat9,train,3,0.01507812
feat9,train,4,-0.14469312
feat9,train,5,-0.080856346
feat9,train,6,-0.40370163
feat9,train,7,-0.24933252
feat9,train,8,0.053772744
feat9,train,9,0.11567073
feat9,train,10,-0.5216378
feat9,val,0,0.044117812
feat9,val,1,-0.20461196
feat9,val,2,0.08006283
feat9,val,3,-0.2569675
feat9,val,4,-0.1678799
feat9,val,5,-0.19074678
feat9,val,6,-0.35669768
feat9,val,7,-0.32000837
feat9,val,8,-0.031085283
feat9,val,9,-0.45698568
feat9,val,10,-0.5989238
feat9,test,0,0.054068208
feat9,test,1,-0.2761637
feat9,test,2,0.08174739
feat9,test,3,0.05504452
feat9,test,4,-0.17636296
feat9,test,5,-0.2524727
feat9,test,6,-0.4315145
feat9,test,7,-0.47293857
feat9,test,8,0.030837655
feat9,test,9,-0.39557788
feat9,test,10,-0.4383091
feat10,train,0,-0.09172075
feat10,train,1,0.4138863
feat10,train,2,-0.08882288
feat10,train,3,0.08800919
feat10,train,4,0.0983115
feat10,train,5,-0.005275067
feat10,train,6,0.3631129
feat10,train,7,0.060619224
feat10,train,8,-0.051550504
feat10,train,9,-0.052037016
feat10,train,10,0.49841157
feat10,val,0,-0.08025419
feat10,val,1,0.26558435
feat10,val,2,-0.13523617
feat10,val,3,0.20632863
feat10,val,4,0.09178287
feat10,val,5,0.10756171
feat10,val,6,0.28479588
feat10,val,7,0.17209028
feat10,val,8,0.09211096
feat10,val,9,0.39390188
feat10,val,10,0.5271776
feat10,test,0,-0.07712047
feat10,test,1,0.3425563
feat10,test,2,-0.16254224
feat10,test,3,-0.01078227
feat10,test,4,0.11890474
feat10,test,5,0.14076765
feat10,test,6,0.36635405
feat10,test,7,0.31289524
feat10,test,8,-0.009809013
feat10,test,9,0.43122882
feat10,test,10,0.4172821
